TP,FP,FN,TN,Recall,Precision,F-Measure,Specificity,RAND,NMI
11833,6,51770,12408906,0.18604468,0.9994932,0.31369794,0.99999952,0.99584879,0.31705135
