TP,FP,FN,TN,Recall,Precision,F-Measure,Specificity,RAND,NMI
16234,29,3475,3104012,0.82368461,0.99821681,0.9025909,0.99999066,0.99887827,0.87264313
