TP,FP,FN,TN,Recall,Precision,F-Measure,Specificity,RAND,NMI
20782,9,360275,139322904,0.05453777,0.99956712,0.10343214,0.99999994,0.99742109,0.11099451
