TP,FP,FN,TN,Recall,Precision,F-Measure,Specificity,RAND,NMI
7523,413,14665,12459905,0.33905715,0.94795867,0.49946886,0.99996685,0.99879207,0.40431769
