TP,FP,FN,TN,Recall,Precision,F-Measure,Specificity,RAND,NMI
8642,304,2268,3112536,0.79211732,0.96601833,0.87046737,0.99990234,0.99917663,0.85123805
