TP,FP,FN,TN,Recall,Precision,F-Measure,Specificity,RAND,NMI
16033,691,6155,12459627,0.7225978,0.95868213,0.82406456,0.99994454,0.99945155,0.82745965
