TP,FP,FN,TN,Recall,Precision,F-Measure,Specificity,RAND,NMI
3273,503,1097,3121377,0.74897025,0.86679025,0.80358458,0.99983888,0.9994882,0.85149174
