TP,FP,FN,TN,Recall,Precision,F-Measure,Specificity,RAND,NMI
8312,1095,8312,12479781,0.5,0.88359732,0.63862318,0.99991227,0.99924729,0.80298107
