TP,FP,FN,TN,Recall,Precision,F-Measure,Specificity,RAND,NMI
6306,588,10318,12480288,0.37933109,0.91470844,0.53627009,0.99995289,0.99912735,0.23893589
